Title,Price
Versace Pour Homme Eau de Toilette,$297.000 – $405.000
Versace Dylan Blue HM EDT,$296.100 – $404.100
Versace Eros Flame Eau de Parfum,$378.000 – $495.000
Versace Eros HM Eau de Toilette,$339.150 – $467.100
VERSACE EROS HM Eau de Parfum,$405.000 – $521.100
Nautica Voyage HM Eau de Toilette 100 ml,$160.000
Rabanne One Million Parfum 100 ml,$520.000$468.000
Rabanne One Million HM Eau de Toilette 100 ml,$460.000$141.000
ilMin il Roso Extracto 30 ml,$599.000
Moschino Toy 2 EDP 100 ml,$340.000
Fugazzi Sugardaddy Unisex Eau de Parfum 50 ml,$800.000$720.000
AHLI VEGA UNISEX Eau de Parfum  60 ml,$450.000$405.000
VERSACE EROS HM Eau de Parfum,$405.000 – $521.100
